{
    "rmse": 0.7184431085453173,
    "mae": 0.5609653963001076,
    "r2": 0.2270442885459043
}