{
    "rmse": 0.6928435638644029,
    "mae": 0.5376655961922251,
    "r2": 0.2697394567327567
}